k1	task_id	seconds	hours	exit_code	timed_out	result	hits	log_sha256
1	m96_k1_01	0.500686	0.000139	0	false	PASS	0	4938ebe4ad0afb8fbde24ef5cec820fc770a1a0294b1d75e7dec95e0151a4068
2	m96_k1_02	72455.641597	20.126567	0	false	PASS	0	035c8b52e1a6110521e8e071e30b8eb067ac5b8ffc6574d5cba5f295cd73f04d
3	m96_k1_03	77754.045167	21.598346	0	false	PASS	0	3c2a82684e5ad9f72585d181ccbe6262a70513bf580eac054e8d4f041e6467cf
4	m96_k1_04	122400.115881	34.000032	0	false	PASS	0	91202e38f53170547a015a992332c15b608991f7e4f75863c9f6e1493428c290
5	m96_k1_05	133596.946633	37.110263	0	false	PASS	0	cb140390b7a1c3242ccb9c0f3081ed43e0881e18c61fd7385256cafd6be900ed
6	m96_k1_06	171836.576275	47.732382	0	false	PASS	0	da43694372ba966200a305738575718af5c3b6c085f6a6412171d565e9b6589f
7	m96_k1_07	190397.613645	52.888226	0	false	PASS	0	35e7c133daeb47f84b1e0cadda5dc36f1bbb58e42b1dff78ab8e6b9f5a6e550d
8	m96_k1_08	194269.331660	53.963703	0	false	PASS	0	5549ee8d6586d20a50d0076c0bcd26c9348bd85a00b72cabccb5e1f312e1f7ab
9	m96_k1_09	202954.306668	56.376196	0	false	PASS	0	a1e24c0ec5e08c3a4b06f768a5cdcebb7659b4a37600f3e025269ee2ac2c7c64
10	m96_k1_10	197782.944678	54.939707	0	false	PASS	0	f0b840f5479014dd57f58ece0b297c1cd5ede0073acd01b319bff23675fefc20
11	m96_k1_11	206819.943048	57.449984	0	false	PASS	0	8b3c031fcd6b7f1c14dd9eb35dc60b1425835c356784a984a35d38a016035fc5
12	m96_k1_12	214381.379221	59.550383	0	false	PASS	0	7df1da547f3b19f6758b903f6f24dbf68b3df65f4fd05cbd847a2bddb7769e86
13	m96_k1_13	198348.434068	55.096787	0	false	PASS	0	ce56fc5f1a591acc0e0f188404c47e4659cfacd296e5b9be2d9089307538e729
14	m96_k1_14	182785.661966	50.773795	0	false	PASS	0	3ed28e1ddf45220d0bf1e164ac4a3ff8416bab2931be7fbb01d1a1e47156cfb6
15	m96_k1_15	171568.162548	47.657823	0	false	PASS	0	a69c8deebe87ae1c982e64b15564fe6ae59c39ca1d57c5a67f04458f1e045adf
16	m96_k1_16	157977.512395	43.882642	0	false	PASS	0	04255c6c4cdf45184b13fc84ad3da87d090e017f21729fda286930b8eb09f707
17	m96_k1_17	146227.206167	40.618668	0	false	PASS	0	7f1df79a73849de8b70a307f28da2c35a674b5a3f6fac4849c9d2f2ef8f1f914
18	m96_k1_18	133653.992219	37.126109	0	false	PASS	0	bf8b804dbbf954885898c7c5eaa12dc1a6ac3e83756e86c4264b6fb9cd06b247
19	m96_k1_19	116780.017993	32.438894	0	false	PASS	0	689573b9b215ee2ed6c917e5114bb607124bf57894caa164e8b60f55ed95b246
20	m96_k1_20	103954.021556	28.876117	0	false	PASS	0	a13b68ce29674b5ea0d0555e30945ed469da4ed4dfe4383f04601e1b00345b89
21	m96_k1_21	92292.287581	25.636747	0	false	PASS	0	19dfb76f4c785cbef26ba6566d69fc7cf8266e897123aadd865527d56b34a450
22	m96_k1_22	79499.738723	22.083261	0	false	PASS	0	e8b657d8f8d72351c3a1fe7a48d7ec366441f3c6a1b896718f6223309f33d46f
23	m96_k1_23	66723.632798	18.534342	0	false	PASS	0	c44320c9e70d032ded1161f03923149001d180bbec010ebb79a7beb4b8dc147a
24	m96_k1_24	57618.716439	16.005199	0	false	PASS	0	3f8a0a1549713018064cd34f3cb5566d7d5bdbae56609c7dfa93054179d4e920
25	m96_k1_25	49218.989119	13.671941	0	false	PASS	0	e0ec993f5d618468be7c6dbecc7312fdbd951c8671b8537174960f7b04c62aa8
26	m96_k1_26	43154.816133	11.987449	0	false	PASS	0	193a9a2fb2eb69fb90b9f18a65374e8276bc080c40be995a17f9d4ca20a0f3c5
27	m96_k1_27	35597.722909	9.888256	0	false	PASS	0	a4413af6b7b4b999d580ba102232f975ad96217705b2d37a77f2c3384d743766
28	m96_k1_28	29837.033689	8.288065	0	false	PASS	0	da8d6c7f9380ec57958e6c2ddc150e0d6b76c55ba792f768f912ab7e684cb4e8
29	m96_k1_29	24858.789443	6.905219	0	false	PASS	0	51eea8f532123eddbd4062f44d45d29da6e7a2d1fb51ec67afd7fa090b4abc29
30	m96_k1_30	20123.348616	5.589819	0	false	PASS	0	73866e5d556c05cb9ec65b856b8d7a979e41e9102f42e788cdf1e678f6cc4752
31	m96_k1_31	16204.787431	4.501330	0	false	PASS	0	0fba603b9e3ece0c38920d9c1fc6d145d55e53cd91809e6c8bed89937d4ecd14
32	m96_k1_32	13372.092603	3.714470	0	false	PASS	0	97d79b4f2264a23c898ac904a3b7b3246c6908e627eb60ad4118b5765ae0842e
33	m96_k1_33	10340.564563	2.872379	0	false	PASS	0	cfcfd234565e672b1785bafb54698a78c79010193dfe899322b1771053e888a2
34	m96_k1_34	8119.806637	2.255502	0	false	PASS	0	326ebb44f6d797f3efd2874c00f71d2bd9fd8fe429e29b9de34b802ce46bf047
35	m96_k1_35	6229.132252	1.730315	0	false	PASS	0	9c87209a0170ab783f898014acbd219399179056b4dd561f8e08157a29972227
36	m96_k1_36	4725.350857	1.312597	0	false	PASS	0	477592ceade1e9c6d242abd9828d156dbd195ffc4d49f5a46e8ec5e0b2aa1508
37	m96_k1_37	3557.526029	0.988202	0	false	PASS	0	974771f744e3da5018e9d97c5a5d888b28e28ff2e01ab0c223ba8a8f42e795a3
38	m96_k1_38	2503.676561	0.695466	0	false	PASS	0	13fbfa5a8646978a20e880822b2e87286b7a6de1c02984cd02a2d5ea1f64edd8
39	m96_k1_39	1912.719666	0.531311	0	false	PASS	0	f57d51983ef02d410277a1b7a9ff25f0ce3024580d8a3bed238dc9b1965b59fb
40	m96_k1_40	1315.900520	0.365528	0	false	PASS	0	1018020374e94a6997584b9e379fd3a3888fb008514a35a9e3fae8a4710eea33
41	m96_k1_41	879.818136	0.244394	0	false	PASS	0	93c330b724fb341b719e656fb73071f4e0ff63e79f0eb83daabbb236ee579c43
42	m96_k1_42	616.107129	0.171141	0	false	PASS	0	35e9319e47168d8955c9866599d7d77192a7c9c291037ee1c92e166facd3c8e4
43	m96_k1_43	406.877641	0.113022	0	false	PASS	0	72c15f93f9738f6a426212517575da5b382e56e8ce0608d9ac7fed8106123ae1
44	m96_k1_44	257.716914	0.071588	0	false	PASS	0	3f48df69d40b334bb08ec27101fa7c99634b2d3b237a65fb4cc3d328af0b44b4
45	m96_k1_45	165.158122	0.045877	0	false	PASS	0	cff1d7a3552280f1361c9b867bc2bf004d4bae40463b1f92a6dd510ec6d74cd1
46	m96_k1_46	103.600902	0.028778	0	false	PASS	0	64be45dc334feaee86557bf365fc0c1da35066a10e633bc1c10cba10f53a17bc
47	m96_k1_47	72.571800	0.020159	0	false	PASS	0	605ba6ef48a87019efac00efb09554227fb0dfbc9620328f2652fe500c85bca4
48	m96_k1_48	42.553339	0.011820	0	false	PASS	0	afbae99baafec8cdc72ae76035af1d0b0bbd687ed5eaada888088161bfe9b769
49	m96_k1_49	24.537477	0.006816	0	false	PASS	0	92aaa45c72dd8a4d970b7a7cfb1f40de4d8f10d4265c557ba4b079e17f6659c2
50	m96_k1_50	13.530769	0.003759	0	false	PASS	0	0625bc4655a90b6f2838ffcfadf2ad81a71376929f29d932ed59091227189a7a
51	m96_k1_51	9.526028	0.002646	0	false	PASS	0	cb7883c8bfae83b801eace35de7b188114164875aea89fb5a44095c9d8848342
52	m96_k1_52	5.519323	0.001533	0	false	PASS	0	528fe7b1f918011069d2b94b46a6ec7c523dc3a5bdc73b3525e52e5c49880994
53	m96_k1_53	2.516134	0.000699	0	false	PASS	0	529ca1dd4d625678a823993731de35622c28e6421619a74030dcef970415c67c
54	m96_k1_54	1.512395	0.000420	0	false	PASS	0	41b33b3350b2eaf5d1098ff10fac78dc18b07cc261f0869b950de070b7ff3f1a
55	m96_k1_55	1.006812	0.000280	0	false	PASS	0	97d952887c64a3c07cbd6ba1c43e6bdc25d1ef94d26bc0ff73b26b543dca8c59
56	m96_k1_56	0.504072	0.000140	0	false	PASS	0	f04ee583dbba55ec51efbb853ac3f5aaffa7a32994c306e0371985babcd130bf
57	m96_k1_57	0.503992	0.000140	0	false	PASS	0	5a4123c72f2950ef38959449a695e6b5acab00df0177711f04b494f45d3c49eb
58	m96_k1_58	0.503746	0.000140	0	false	PASS	0	36c9a02f9bff530d38396fe3b5572074079a7c970b48d2ced087cbd91a98dd1a
59	m96_k1_59	0.503523	0.000140	0	false	PASS	0	e8df10d40318f6cb83448541ba09529b3a11575814429d8162b88a775b14890b
60	m96_k1_60	0.503898	0.000140	0	false	PASS	0	18eab9c895a1c072518e57d601a41fa8c386b6ea0535e2ca8f40de63cf241453
61	m96_k1_61	0.504023	0.000140	0	false	PASS	0	57fdb4299967f1b9fa5976c6d2a3ed35402e3f739a896cc203ab026df9b8d6cf
62	m96_k1_62	0.504080	0.000140	0	false	PASS	0	02de0723fbe5d81174d5833a916e346c3b4c88989414231fe9f572bf0695f82f
63	m96_k1_63	0.504177	0.000140	0	false	PASS	0	ae8e6811ef6aeaf5529fb16aa916f27740ab2ca817e4f023865eb6e172caf808
64	m96_k1_64	0.504168	0.000140	0	false	PASS	0	ba75136bc6cf47a38346ce3caec15ce81cd24555b60072ff001ae3266e19cf51
65	m96_k1_65	0.504433	0.000140	0	false	PASS	0	6fb428663324b15e618404220d014af5b8bc3c0e588f2b61e387ebb27487b87f
66	m96_k1_66	0.504429	0.000140	0	false	PASS	0	ab2d78813079d61de2ef2121527cc935c38dbc3c7b82390e0e7c514a662765ab
67	m96_k1_67	0.504228	0.000140	0	false	PASS	0	4fc8790a32b99d7b3a1e524940a96401d39f20d5a9b5c5f289e96c035f1c9224
68	m96_k1_68	0.503850	0.000140	0	false	PASS	0	500fc0791559fa60698d05738622dcc26e0ac1546acbfd4d0f296094eb70864d
69	m96_k1_69	0.506621	0.000141	0	false	PASS	0	feaae39b76720343b9b742d5f563c93dafb68d8201bf7829d60051d59883cc20
70	m96_k1_70	0.507127	0.000141	0	false	PASS	0	d0d9582dee9df73e3627382427031917e5d0639895b73179ba33a9c3a7de3df8
71	m96_k1_71	0.507365	0.000141	0	false	PASS	0	ac4f3158a7206b48833a870cd9c2f0538b4ba20277a92c223b9b6b84049e4ca9
72	m96_k1_72	0.507693	0.000141	0	false	PASS	0	795ea7035f45794e79f427ac43e13066cd1dd04e27c829e5d6390693c72ca5eb
73	m96_k1_73	0.508360	0.000141	0	false	PASS	0	2d7bc05e81797b55917aa7c98c328658a47d6e3b73a7fdc56c9a79e7a2500d32
74	m96_k1_74	0.510190	0.000142	0	false	PASS	0	915b8c1141b06cb90e214d04c1c50c80e03eb7062a497c51f538c2aa0994509a
75	m96_k1_75	0.509964	0.000142	0	false	PASS	0	97277ed1e3e753cde2d8a823254e0dab635f5099a46dbbd4e0988f660adba72d
